Workbook

Sheet Metadonnees
A1: TRIM | B1: mnémonique (standard) | C1: Nom | D1: Unité | E1: Source
A2: PIB | D2: En Milliers € | E2: INE
A3: Conso M+ISBLSM | D3: En Milliers € | E3: INE
A4: FBCF | D4: En Milliers € | E4: INE
A5: FBCF_resid | D5: En Milliers € | E5: INE
A6: FBCF_non résidentielle | D6: En Milliers € | E6: INE
A8: ConsoAPU | D8: En Milliers € | E8: INE
A9: Exp | D9: En Milliers € | E9: INE
A10: Imp | D10: En Milliers € | E10: INE
A11: Contrib_stock | D11: point de PIB
A12: Deflateur conso | D12: 2010=100 | E12: INE
A13: IPC_H
A14: Tcho | D14: % Pop Act | E14: EPA, pop de plus de 16 ans
A15: EmploiTot | D15: En Milliers | E15: CN
A16: RdB_nom | D16: milliards € | E16: INE
A17: TauxS | D17: % de RDB
A18: MasseSalariale | D18: milliards € | E18: INE
A19: Population | D19: milliers | E19: INE | F19: http://www.ine.es/jaxiT3/Tabla.htm?t=4028&L=0

Sheet ESP_trim
A1: date | B1: PIB | C1: Conso | D1: FBCF | E1: FBCF_resid | F1: FBCF_non résidencielle | H1: ConsoAPU | I1: Exp | J1: Imp | K1: Contrib_stock | L1: Deflateur conso | M1: IPC_H | N1: Tcho | O1: EmploiTot | P1: RdB_nom | Q1: TauxS | R1: MasseSalariale | S1: Population
A2: 39142 | B2: =[1]Données!J55 -> 274172.5 | C2: =[1]Données!K55 -> 160694 | D2: =[1]Données!M55 -> 77776.2 | E2: =[1]Données!AJ55 -> 14942.572 | F2: =D2-E2 -> 62833.628 | H2: =[1]Données!L55 -> 49244.9 | I2: =[1]Données!N55 -> 71157 | J2: =[1]Données!O55 -> 87067.6 | K2: =[1]Données!P55 -> 2368 | L2: =[2]PRIX!B153 -> 85.385942 | M2: =[2]PRIX!G153 -> 86.933333 | N2: =[1]Données!R55 -> 8.2 | O2: =[2]REVENUS!W38 -> 21000.2 | P2: ='[2]COMPTE SIMPL'!U39 -> 163.48948 | Q2: ='[2]COMPTE SIMPL'!AY39 -> 8.7965782 | R2: ='[2]COMPTE SIMPL'!E39 -> 123.464 | S2: ='[3]CRE vol'!EJ55 -> 44549.7
A3: 39234 | B3: =[1]Données!J56 -> 276578.7 | C3: =[1]Données!K56 -> 162011.1 | D3: =[1]Données!M56 -> 78283.8 | E3: =[1]Données!AJ56 -> 14977.714 | F3: =D3-E3 -> 63306.086 | H3: =[1]Données!L56 -> 49973.8 | I3: =[1]Données!N56 -> 71801.3 | J3: =[1]Données!O56 -> 87849.8 | K3: =[1]Données!P56 -> 2358.5 | L3: =[2]PRIX!B154 -> 86.157219 | M3: =[2]PRIX!G154 -> 88.863333 | N3: =[1]Données!R56 -> 8 | O3: =[2]REVENUS!W39 -> 21108.4 | P3: ='[2]COMPTE SIMPL'!U40 -> 163.54522 | Q3: ='[2]COMPTE SIMPL'!AY40 -> 7.264792 | R3: ='[2]COMPTE SIMPL'!E40 -> 125.931 | S3: ='[3]CRE vol'!EJ56 -> 44758.8
A4: 39326 | B4: =[1]Données!J57 -> 278651.6 | C4: =[1]Données!K57 -> 163101.9 | D4: =[1]Données!M57 -> 78216.3 | E4: =[1]Données!AJ57 -> 14929.009 | F4: =D4-E4 -> 63287.291 | H4: =[1]Données!L57 -> 50807.7 | I4: =[1]Données!N57 -> 73036 | J4: =[1]Données!O57 -> 88948.4 | K4: =[1]Données!P57 -> 2438.1 | L4: =[2]PRIX!B155 -> 86.641316 | M4: =[2]PRIX!G155 -> 88.626667 | N4: =[1]Données!R57 -> 8.2 | O4: =[2]REVENUS!W40 -> 21240.8 | P4: ='[2]COMPTE SIMPL'!U41 -> 162.11699 | Q4: ='[2]COMPTE SIMPL'!AY41 -> 5.300487 | R4: ='[2]COMPTE SIMPL'!E41 -> 128.206 | S4: ='[3]CRE vol'!EJ57 -> 44975.2
A5: 39417 | B5: =[1]Données!J58 -> 280353.6 | C5: =[1]Données!K58 -> 164591.6 | D5: =[1]Données!M58 -> 78586.8 | E5: =[1]Données!AJ58 -> 14862.241 | F5: =D5-E5 -> 63724.559 | H5: =[1]Données!L58 -> 51141.8 | I5: =[1]Données!N58 -> 72757.5 | J5: =[1]Données!O58 -> 89112.5 | K5: =[1]Données!P58 -> 2388.4 | L5: =[2]PRIX!B156 -> 87.954107 | M5: =[2]PRIX!G156 -> 90.563333 | N5: =[1]Données!R58 -> 8.6 | O5: =[2]REVENUS!W41 -> 21342.6 | P5: ='[2]COMPTE SIMPL'!U42 -> 171.58531 | Q5: ='[2]COMPTE SIMPL'!AY42 -> 8.3231542 | R5: ='[2]COMPTE SIMPL'!E42 -> 130.823 | S5: ='[3]CRE vol'!EJ58 -> 45210.9
A6: 39508 | B6: =[1]Données!J59 -> 280877.5 | C6: =[1]Données!K59 -> 164543.5 | D6: =[1]Données!M59 -> 77607.3 | E6: =[1]Données!AJ59 -> 14561.353 | F6: =D6-E6 -> 63045.947 | H6: =[1]Données!L59 -> 51975.7 | I6: =[1]Données!N59 -> 73397.1 | J6: =[1]Données!O59 -> 88729.1 | K6: =[1]Données!P59 -> 2083 | L6: =[2]PRIX!B157 -> 88.927513 | M6: =[2]PRIX!G157 -> 90.82 | N6: =[1]Données!R59 -> 9.3 | O6: =[2]REVENUS!W42 -> 21544.3 | P6: ='[2]COMPTE SIMPL'!U43 -> 171.71293 | Q6: ='[2]COMPTE SIMPL'!AY43 -> 7.401848 | R6: ='[2]COMPTE SIMPL'!E43 -> 135.349 | S6: ='[3]CRE vol'!EJ59 -> 45367.7
A7: 39600 | B7: =[1]Données!J60 -> 280976.6 | C7: =[1]Données!K60 -> 163031.9 | D7: =[1]Données!M60 -> 76671.9 | E7: =[1]Données!AJ60 -> 14004.957 | F7: =D7-E7 -> 62666.943 | H7: =[1]Données!L60 -> 52555 | I7: =[1]Données!N60 -> 72097.4 | J7: =[1]Données!O60 -> 85791.3 | K7: =[1]Données!P60 -> 2411.7 | L7: =[2]PRIX!B158 -> 89.488364 | M7: =[2]PRIX!G158 -> 93.006667 | N7: =[1]Données!R60 -> 10.4 | O7: =[2]REVENUS!W43 -> 21341.7 | P7: ='[2]COMPTE SIMPL'!U44 -> 171.16095 | Q7: ='[2]COMPTE SIMPL'!AY44 -> 7.3830801 | R7: ='[2]COMPTE SIMPL'!E44 -> 136.316 | S7: ='[3]CRE vol'!EJ60 -> 45521
A8: 39692 | B8: =[1]Données!J61 -> 280381.9 | C8: =[1]Données!K61 -> 160615 | D8: =[1]Données!M61 -> 74383.4 | E8: =[1]Données!AJ61 -> 13403.66 | F8: =D8-E8 -> 60979.74 | H8: =[1]Données!L61 -> 52949.7 | I8: =[1]Données!N61 -> 72946.9 | J8: =[1]Données!O61 -> 82618.8 | K8: =[1]Données!P61 -> 2105.7 | L8: =[2]PRIX!B159 -> 90.094255 | M8: =[2]PRIX!G159 -> 93.013333 | N8: =[1]Données!R61 -> 11.5 | O8: =[2]REVENUS!W44 -> 21131.6 | P8: ='[2]COMPTE SIMPL'!U45 -> 175.00446 | Q8: ='[2]COMPTE SIMPL'!AY45 -> 10.169718 | R8: ='[2]COMPTE SIMPL'!E45 -> 137.2 | S8: ='[3]CRE vol'!EJ61 -> 45665.4
A9: 39783 | B9: =[1]Données!J62 -> 276034 | C9: =[1]Données!K62 -> 158069.9 | D9: =[1]Données!M62 -> 71068.4 | E9: =[1]Données!AJ62 -> 12643.263 | F9: =D9-E9 -> 58425.137 | H9: =[1]Données!L62 -> 53646.4 | I9: =[1]Données!N62 -> 67733.3 | J9: =[1]Données!O62 -> 76397 | K9: =[1]Données!P62 -> 1913 | L9: =[2]PRIX!B160 -> 89.980524 | M9: =[2]PRIX!G160 -> 92.81 | N9: =[1]Données!R62 -> 13.8 | O9: =[2]REVENUS!W45 -> 20766.8 | P9: ='[2]COMPTE SIMPL'!U46 -> 177.60065 | Q9: ='[2]COMPTE SIMPL'!AY46 -> 13.032976 | R9: ='[2]COMPTE SIMPL'!E46 -> 135.261 | S9: ='[3]CRE vol'!EJ62 -> 45803.1
A10: 39873 | B10: =[1]Données!J63 -> 268652.1 | C10: =[1]Données!K63 -> 156450.1 | D10: =[1]Données!M63 -> 65580.6 | E10: =[1]Données!AJ63 -> 11841.342 | F10: =D10-E10 -> 53739.258 | H10: =[1]Données!L63 -> 54125.3 | I10: =[1]Données!N63 -> 61159.6 | J10: =[1]Données!O63 -> 65695.6 | K10: =[1]Données!P63 -> -2967.9 | L10: =[2]PRIX!B161 -> 88.992514 | M10: =[2]PRIX!G161 -> 91.253333 | N10: =[1]Données!R63 -> 16.7 | O10: =[2]REVENUS!W46 -> 20195.3 | P10: ='[2]COMPTE SIMPL'!U47 -> 170.59201 | Q10: ='[2]COMPTE SIMPL'!AY47 -> 11.369823 | R10: ='[2]COMPTE SIMPL'!E47 -> 133.515 | S10: ='[3]CRE vol'!EJ63 -> 45870.3
A11: 39965 | B11: =[1]Données!J64 -> 268828.7 | C11: =[1]Données!K64 -> 155136.7 | D11: =[1]Données!M64 -> 61114.2 | E11: =[1]Données!AJ64 -> 10905.565 | F11: =D11-E11 -> 50208.635 | H11: =[1]Données!L64 -> 54593.9 | I11: =[1]Données!N64 -> 62623.6 | J11: =[1]Données!O64 -> 66433.5 | K11: =[1]Données!P64 -> 1793.8 | L11: =[2]PRIX!B162 -> 88.559076 | M11: =[2]PRIX!G162 -> 92.386667 | N11: =[1]Données!R64 -> 17.9 | O11: =[2]REVENUS!W47 -> 19890.1 | P11: ='[2]COMPTE SIMPL'!U48 -> 173.79144 | Q11: ='[2]COMPTE SIMPL'!AY48 -> 14.170686 | R11: ='[2]COMPTE SIMPL'!E48 -> 132.207 | S11: ='[3]CRE vol'!EJ64 -> 45932.8
A12: 40057 | B12: =[1]Données!J65 -> 269358.2 | C12: =[1]Données!K65 -> 155902.9 | D12: =[1]Données!M65 -> 61151 | E12: =[1]Données!AJ65 -> 10518.125 | F12: =D12-E12 -> 50632.875 | H12: =[1]Données!L65 -> 55147.6 | I12: =[1]Données!N65 -> 65555.4 | J12: =[1]Données!O65 -> 70252.3 | K12: =[1]Données!P65 -> 1853.6 | L12: =[2]PRIX!B163 -> 88.456556 | M12: =[2]PRIX!G163 -> 92.09 | N12: =[1]Données!R65 -> 18.2 | O12: =[2]REVENUS!W48 -> 19708.3 | P12: ='[2]COMPTE SIMPL'!U49 -> 174.15063 | Q12: ='[2]COMPTE SIMPL'!AY49 -> 14.036487 | R12: ='[2]COMPTE SIMPL'!E49 -> 132.209 | S12: ='[3]CRE vol'!EJ65 -> 45994.7
A13: 40148 | B13: =[1]Données!J66 -> 269293.1 | C13: =[1]Données!K66 -> 155964.8 | D13: =[1]Données!M66 -> 60545.1 | E13: =[1]Données!AJ66 -> 10321.69 | F13: =D13-E13 -> 50223.41 | H13: =[1]Données!L66 -> 55249.8 | I13: =[1]Données!N66 -> 65943.4 | J13: =[1]Données!O66 -> 70110 | K13: =[1]Données!P66 -> 1700 | L13: =[2]PRIX!B164 -> 89.083674 | M13: =[2]PRIX!G164 -> 93.036667 | N13: =[1]Données!R66 -> 18.7 | O13: =[2]REVENUS!W49 -> 19616.3 | P13: ='[2]COMPTE SIMPL'!U50 -> 172.38295 | Q13: ='[2]COMPTE SIMPL'!AY50 -> 12.51397 | R13: ='[2]COMPTE SIMPL'!E50 -> 132.114 | S13: ='[3]CRE vol'!EJ66 -> 46060.3
... A77: 45992 | B77: =[1]Données!J130 -> 328331.66 | C77: =[1]Données!K130 -> 173605.98 | D77: =[1]Données!M130 -> 69273.111 | E77: =[1]Données!AJ130 -> 0 | F77: =D77-E77 -> 69273.111 | H77: =[1]Données!L130 -> 69146.98 | I77: =[1]Données!N130 -> 113197.21 | J77: =[1]Données!O130 -> 98451.779 | K77: =[1]Données!P130 -> 1560.1573 | L77: =[2]PRIX!B228 -> 123.6711 | M77: =[2]PRIX!G228 -> 127.66455 | N77: =[1]Données!R130 -> 10.963234 | O77: =[2]REVENUS!W113 -> 21824.894 | P77: ='[2]COMPTE SIMPL'!U114 -> 261.07915 | Q77: ='[2]COMPTE SIMPL'!AY114 -> 11.117693 | R77: ='[2]COMPTE SIMPL'!E114 -> 197.9576 | S77: ='[3]CRE vol'!EJ130 -> 48570.784

Sheet ESP_Ann
A1: date | B1: Deficit | C1: Dette | D1: impulsion
A2: 39447 | B2: =[1]Fi_pu_espagneT!D19 -> 1.9 | C2: =[1]Fi_pu_espagneT!L19 -> 35.8 | D2: =[1]Fi_pu_espagneT!K19 -> -0.155
A3: 39813 | B3: =[1]Fi_pu_espagneT!D20 -> -4.6 | C3: =[1]Fi_pu_espagneT!L20 -> 39.7 | D3: =[1]Fi_pu_espagneT!K20 -> 0.3123
A4: 40178 | B4: =[1]Fi_pu_espagneT!D21 -> -11.3 | C4: =[1]Fi_pu_espagneT!L21 -> 53.3 | D4: =[1]Fi_pu_espagneT!K21 -> 0.2244
A5: 40543 | B5: =[1]Fi_pu_espagneT!D22 -> -9.5 | C5: =[1]Fi_pu_espagneT!L22 -> 60.5 | D5: =[1]Fi_pu_espagneT!K22 -> -0.3974
A6: 40908 | B6: =[1]Fi_pu_espagneT!D23 -> -9.7 | C6: =[1]Fi_pu_espagneT!L23 -> 69.9 | D6: =[1]Fi_pu_espagneT!K23 -> 0.4702
A7: 41274 | B7: =[1]Fi_pu_espagneT!D24 -> -11.6 | C7: =[1]Fi_pu_espagneT!L24 -> 90 | D7: =[1]Fi_pu_espagneT!K24 -> 1.4954
A8: 41639 | B8: =[1]Fi_pu_espagneT!D25 -> -7.5 | C8: =[1]Fi_pu_espagneT!L25 -> 100.5 | D8: =[1]Fi_pu_espagneT!K25 -> 6.3009
A9: 42004 | B9: =[1]Fi_pu_espagneT!D26 -> -6.1 | C9: =[1]Fi_pu_espagneT!L26 -> 105.1 | D9: =[1]Fi_pu_espagneT!K26 -> 3.7465
A10: 42369 | B10: =[1]Fi_pu_espagneT!D27 -> -5.3 | C10: =[1]Fi_pu_espagneT!L27 -> 103.3 | D10: =[1]Fi_pu_espagneT!K27 -> -2.1077
A11: 42735 | B11: =[1]Fi_pu_espagneT!D28 -> -4.3 | C11: =[1]Fi_pu_espagneT!L28 -> 102.7 | D11: =[1]Fi_pu_espagneT!K28 -> -1.0481
A12: 43100 | B12: =[1]Fi_pu_espagneT!D29 -> -3.1 | C12: =[1]Fi_pu_espagneT!L29 -> 101.8 | D12: =[1]Fi_pu_espagneT!K29 -> -0.6443
A13: 43465 | B13: =[1]Fi_pu_espagneT!D30 -> -2.6 | C13: =[1]Fi_pu_espagneT!L30 -> 100.4 | D13: =[1]Fi_pu_espagneT!K30 -> -5.5878
... A20: 46022 | B20: =[1]Fi_pu_espagneT!D37 -> -2.5247009 | C20: =[1]Fi_pu_espagneT!L37 -> 104.7201 | D20: =[1]Fi_pu_espagneT!K37 -> 0
